{"directory": "/home/pksace/projects/joyride", "files": ["README.markdown", "demo/280x120.gif", "demo/430x200.gif", "demo/demo-style.css", "demo/demo.html", "demo/mobile.css", "joyride-2.0.3.css", "jquery-1.8.3.js", "jquery.cookie.js", "jquery.joyride-2.0.3.js", "modernizr.mq.js"], "subdirs": ["demo"], "index": {"demo/demo.html": 1367440379.4283028, "demo/demo-style.css": 1367440379.4283028, "README.markdown": 1367440379.4283028, "joyride-2.0.3.css": 1367440379.4283028, "jquery-1.8.3.js": 1367440379.4283028, "modernizr.mq.js": 1367440379.4283028, "demo/430x200.gif": 1367440379.4283028, "demo/280x120.gif": 1367440379.4283028, "jquery.joyride-2.0.3.js": 1367440379.4283028, "jquery.cookie.js": 1367440379.4283028, "demo/mobile.css": 1367440379.4283028}}